File c3d,Len c3d,File amc,Len amc,File asf,File smpl,Len smpl
/media/giuliamartinelli/c73e5e73-45ea-4b43-8dbb-cebfdacf033d/giuliamartinelli/CMU/allc3d_0/subjects/01/01_01.c3d,2751,/media/giuliamartinelli/c73e5e73-45ea-4b43-8dbb-cebfdacf033d/giuliamartinelli/CMU/allasfamc/all_asfamc/subjects/01/01_01.amc,2751,/media/giuliamartinelli/c73e5e73-45ea-4b43-8dbb-cebfdacf033d/giuliamartinelli/CMU/allasfamc/all_asfamc/subjects/01/01.asf,/media/giuliamartinelli/c73e5e73-45ea-4b43-8dbb-cebfdacf033d/giuliamartinelli/CMU/SMPL/01/01_01_stageii.npz,2751
/media/giuliamartinelli/c73e5e73-45ea-4b43-8dbb-cebfdacf033d/giuliamartinelli/CMU/allc3d_0/subjects/01/01_02.c3d,4346,/media/giuliamartinelli/c73e5e73-45ea-4b43-8dbb-cebfdacf033d/giuliamartinelli/CMU/allasfamc/all_asfamc/subjects/01/01_02.amc,4346,/media/giuliamartinelli/c73e5e73-45ea-4b43-8dbb-cebfdacf033d/giuliamartinelli/CMU/allasfamc/all_asfamc/subjects/01/01.asf,/media/giuliamartinelli/c73e5e73-45ea-4b43-8dbb-cebfdacf033d/giuliamartinelli/CMU/SMPL/01/01_02_stageii.npz,4346
/media/giuliamartinelli/c73e5e73-45ea-4b43-8dbb-cebfdacf033d/giuliamartinelli/CMU/allc3d_0/subjects/01/01_03.c3d,4510,/media/giuliamartinelli/c73e5e73-45ea-4b43-8dbb-cebfdacf033d/giuliamartinelli/CMU/allasfamc/all_asfamc/subjects/01/01_03.amc,4510,/media/giuliamartinelli/c73e5e73-45ea-4b43-8dbb-cebfdacf033d/giuliamartinelli/CMU/allasfamc/all_asfamc/subjects/01/01.asf,/media/giuliamartinelli/c73e5e73-45ea-4b43-8dbb-cebfdacf033d/giuliamartinelli/CMU/SMPL/01/01_03_stageii.npz,4510
/media/giuliamartinelli/c73e5e73-45ea-4b43-8dbb-cebfdacf033d/giuliamartinelli/CMU/allc3d_0/subjects/01/01_05.c3d,4376,/media/giuliamartinelli/c73e5e73-45ea-4b43-8dbb-cebfdacf033d/giuliamartinelli/CMU/allasfamc/all_asfamc/subjects/01/01_05.amc,4376,/media/giuliamartinelli/c73e5e73-45ea-4b43-8dbb-cebfdacf033d/giuliamartinelli/CMU/allasfamc/all_asfamc/subjects/01/01.asf,/media/giuliamartinelli/c73e5e73-45ea-4b43-8dbb-cebfdacf033d/giuliamartinelli/CMU/SMPL/01/01_05_stageii.npz,4376
/media/giuliamartinelli/c73e5e73-45ea-4b43-8dbb-cebfdacf033d/giuliamartinelli/CMU/allc3d_0/subjects/01/01_06.c3d,5133,/media/giuliamartinelli/c73e5e73-45ea-4b43-8dbb-cebfdacf033d/giuliamartinelli/CMU/allasfamc/all_asfamc/subjects/01/01_06.amc,5133,/media/giuliamartinelli/c73e5e73-45ea-4b43-8dbb-cebfdacf033d/giuliamartinelli/CMU/allasfamc/all_asfamc/subjects/01/01.asf,/media/giuliamartinelli/c73e5e73-45ea-4b43-8dbb-cebfdacf033d/giuliamartinelli/CMU/SMPL/01/01_06_stageii.npz,5133
/media/giuliamartinelli/c73e5e73-45ea-4b43-8dbb-cebfdacf033d/giuliamartinelli/CMU/allc3d_0/subjects/01/01_07.c3d,4839,/media/giuliamartinelli/c73e5e73-45ea-4b43-8dbb-cebfdacf033d/giuliamartinelli/CMU/allasfamc/all_asfamc/subjects/01/01_07.amc,4839,/media/giuliamartinelli/c73e5e73-45ea-4b43-8dbb-cebfdacf033d/giuliamartinelli/CMU/allasfamc/all_asfamc/subjects/01/01.asf,/media/giuliamartinelli/c73e5e73-45ea-4b43-8dbb-cebfdacf033d/giuliamartinelli/CMU/SMPL/01/01_07_stageii.npz,4839
/media/giuliamartinelli/c73e5e73-45ea-4b43-8dbb-cebfdacf033d/giuliamartinelli/CMU/allc3d_0/subjects/01/01_08.c3d,2610,/media/giuliamartinelli/c73e5e73-45ea-4b43-8dbb-cebfdacf033d/giuliamartinelli/CMU/allasfamc/all_asfamc/subjects/01/01_08.amc,2610,/media/giuliamartinelli/c73e5e73-45ea-4b43-8dbb-cebfdacf033d/giuliamartinelli/CMU/allasfamc/all_asfamc/subjects/01/01.asf,/media/giuliamartinelli/c73e5e73-45ea-4b43-8dbb-cebfdacf033d/giuliamartinelli/CMU/SMPL/01/01_08_stageii.npz,2610
/media/giuliamartinelli/c73e5e73-45ea-4b43-8dbb-cebfdacf033d/giuliamartinelli/CMU/allc3d_0/subjects/01/01_09.c3d,4242,/media/giuliamartinelli/c73e5e73-45ea-4b43-8dbb-cebfdacf033d/giuliamartinelli/CMU/allasfamc/all_asfamc/subjects/01/01_09.amc,4242,/media/giuliamartinelli/c73e5e73-45ea-4b43-8dbb-cebfdacf033d/giuliamartinelli/CMU/allasfamc/all_asfamc/subjects/01/01.asf,/media/giuliamartinelli/c73e5e73-45ea-4b43-8dbb-cebfdacf033d/giuliamartinelli/CMU/SMPL/01/01_09_stageii.npz,4242
/media/giuliamartinelli/c73e5e73-45ea-4b43-8dbb-cebfdacf033d/giuliamartinelli/CMU/allc3d_0/subjects/01/01_10.c3d,3266,/media/giuliamartinelli/c73e5e73-45ea-4b43-8dbb-cebfdacf033d/giuliamartinelli/CMU/allasfamc/all_asfamc/subjects/01/01_10.amc,3266,/media/giuliamartinelli/c73e5e73-45ea-4b43-8dbb-cebfdacf033d/giuliamartinelli/CMU/allasfamc/all_asfamc/subjects/01/01.asf,/media/giuliamartinelli/c73e5e73-45ea-4b43-8dbb-cebfdacf033d/giuliamartinelli/CMU/SMPL/01/01_10_stageii.npz,3266
/media/giuliamartinelli/c73e5e73-45ea-4b43-8dbb-cebfdacf033d/giuliamartinelli/CMU/allc3d_0/subjects/01/01_11.c3d,4654,/media/giuliamartinelli/c73e5e73-45ea-4b43-8dbb-cebfdacf033d/giuliamartinelli/CMU/allasfamc/all_asfamc/subjects/01/01_11.amc,4654,/media/giuliamartinelli/c73e5e73-45ea-4b43-8dbb-cebfdacf033d/giuliamartinelli/CMU/allasfamc/all_asfamc/subjects/01/01.asf,/media/giuliamartinelli/c73e5e73-45ea-4b43-8dbb-cebfdacf033d/giuliamartinelli/CMU/SMPL/01/01_11_stageii.npz,4654
/media/giuliamartinelli/c73e5e73-45ea-4b43-8dbb-cebfdacf033d/giuliamartinelli/CMU/allc3d_0/subjects/08/08_01.c3d,277,/media/giuliamartinelli/c73e5e73-45ea-4b43-8dbb-cebfdacf033d/giuliamartinelli/CMU/allasfamc/all_asfamc/subjects/08/08_01.amc,277,/media/giuliamartinelli/c73e5e73-45ea-4b43-8dbb-cebfdacf033d/giuliamartinelli/CMU/allasfamc/all_asfamc/subjects/08/08.asf,/media/giuliamartinelli/c73e5e73-45ea-4b43-8dbb-cebfdacf033d/giuliamartinelli/CMU/SMPL/08/08_01_stageii.npz,277
/media/giuliamartinelli/c73e5e73-45ea-4b43-8dbb-cebfdacf033d/giuliamartinelli/CMU/allc3d_0/subjects/08/08_02.c3d,309,/media/giuliamartinelli/c73e5e73-45ea-4b43-8dbb-cebfdacf033d/giuliamartinelli/CMU/allasfamc/all_asfamc/subjects/08/08_02.amc,309,/media/giuliamartinelli/c73e5e73-45ea-4b43-8dbb-cebfdacf033d/giuliamartinelli/CMU/allasfamc/all_asfamc/subjects/08/08.asf,/media/giuliamartinelli/c73e5e73-45ea-4b43-8dbb-cebfdacf033d/giuliamartinelli/CMU/SMPL/08/08_02_stageii.npz,309
/media/giuliamartinelli/c73e5e73-45ea-4b43-8dbb-cebfdacf033d/giuliamartinelli/CMU/allc3d_0/subjects/08/08_03.c3d,353,/media/giuliamartinelli/c73e5e73-45ea-4b43-8dbb-cebfdacf033d/giuliamartinelli/CMU/allasfamc/all_asfamc/subjects/08/08_03.amc,353,/media/giuliamartinelli/c73e5e73-45ea-4b43-8dbb-cebfdacf033d/giuliamartinelli/CMU/allasfamc/all_asfamc/subjects/08/08.asf,/media/giuliamartinelli/c73e5e73-45ea-4b43-8dbb-cebfdacf033d/giuliamartinelli/CMU/SMPL/08/08_03_stageii.npz,353
/media/giuliamartinelli/c73e5e73-45ea-4b43-8dbb-cebfdacf033d/giuliamartinelli/CMU/allc3d_0/subjects/08/08_04.c3d,484,/media/giuliamartinelli/c73e5e73-45ea-4b43-8dbb-cebfdacf033d/giuliamartinelli/CMU/allasfamc/all_asfamc/subjects/08/08_04.amc,484,/media/giuliamartinelli/c73e5e73-45ea-4b43-8dbb-cebfdacf033d/giuliamartinelli/CMU/allasfamc/all_asfamc/subjects/08/08.asf,/media/giuliamartinelli/c73e5e73-45ea-4b43-8dbb-cebfdacf033d/giuliamartinelli/CMU/SMPL/08/08_04_stageii.npz,484
/media/giuliamartinelli/c73e5e73-45ea-4b43-8dbb-cebfdacf033d/giuliamartinelli/CMU/allc3d_0/subjects/08/08_05.c3d,298,/media/giuliamartinelli/c73e5e73-45ea-4b43-8dbb-cebfdacf033d/giuliamartinelli/CMU/allasfamc/all_asfamc/subjects/08/08_05.amc,298,/media/giuliamartinelli/c73e5e73-45ea-4b43-8dbb-cebfdacf033d/giuliamartinelli/CMU/allasfamc/all_asfamc/subjects/08/08.asf,/media/giuliamartinelli/c73e5e73-45ea-4b43-8dbb-cebfdacf033d/giuliamartinelli/CMU/SMPL/08/08_05_stageii.npz,298
/media/giuliamartinelli/c73e5e73-45ea-4b43-8dbb-cebfdacf033d/giuliamartinelli/CMU/allc3d_0/subjects/08/08_06.c3d,296,/media/giuliamartinelli/c73e5e73-45ea-4b43-8dbb-cebfdacf033d/giuliamartinelli/CMU/allasfamc/all_asfamc/subjects/08/08_06.amc,296,/media/giuliamartinelli/c73e5e73-45ea-4b43-8dbb-cebfdacf033d/giuliamartinelli/CMU/allasfamc/all_asfamc/subjects/08/08.asf,/media/giuliamartinelli/c73e5e73-45ea-4b43-8dbb-cebfdacf033d/giuliamartinelli/CMU/SMPL/08/08_06_stageii.npz,296
/media/giuliamartinelli/c73e5e73-45ea-4b43-8dbb-cebfdacf033d/giuliamartinelli/CMU/allc3d_0/subjects/08/08_07.c3d,302,/media/giuliamartinelli/c73e5e73-45ea-4b43-8dbb-cebfdacf033d/giuliamartinelli/CMU/allasfamc/all_asfamc/subjects/08/08_07.amc,302,/media/giuliamartinelli/c73e5e73-45ea-4b43-8dbb-cebfdacf033d/giuliamartinelli/CMU/allasfamc/all_asfamc/subjects/08/08.asf,/media/giuliamartinelli/c73e5e73-45ea-4b43-8dbb-cebfdacf033d/giuliamartinelli/CMU/SMPL/08/08_07_stageii.npz,302
/media/giuliamartinelli/c73e5e73-45ea-4b43-8dbb-cebfdacf033d/giuliamartinelli/CMU/allc3d_0/subjects/08/08_08.c3d,283,/media/giuliamartinelli/c73e5e73-45ea-4b43-8dbb-cebfdacf033d/giuliamartinelli/CMU/allasfamc/all_asfamc/subjects/08/08_08.amc,283,/media/giuliamartinelli/c73e5e73-45ea-4b43-8dbb-cebfdacf033d/giuliamartinelli/CMU/allasfamc/all_asfamc/subjects/08/08.asf,/media/giuliamartinelli/c73e5e73-45ea-4b43-8dbb-cebfdacf033d/giuliamartinelli/CMU/SMPL/08/08_08_stageii.npz,283
/media/giuliamartinelli/c73e5e73-45ea-4b43-8dbb-cebfdacf033d/giuliamartinelli/CMU/allc3d_0/subjects/08/08_09.c3d,293,/media/giuliamartinelli/c73e5e73-45ea-4b43-8dbb-cebfdacf033d/giuliamartinelli/CMU/allasfamc/all_asfamc/subjects/08/08_09.amc,293,/media/giuliamartinelli/c73e5e73-45ea-4b43-8dbb-cebfdacf033d/giuliamartinelli/CMU/allasfamc/all_asfamc/subjects/08/08.asf,/media/giuliamartinelli/c73e5e73-45ea-4b43-8dbb-cebfdacf033d/giuliamartinelli/CMU/SMPL/08/08_09_stageii.npz,293
/media/giuliamartinelli/c73e5e73-45ea-4b43-8dbb-cebfdacf033d/giuliamartinelli/CMU/allc3d_0/subjects/08/08_11.c3d,375,/media/giuliamartinelli/c73e5e73-45ea-4b43-8dbb-cebfdacf033d/giuliamartinelli/CMU/allasfamc/all_asfamc/subjects/08/08_11.amc,375,/media/giuliamartinelli/c73e5e73-45ea-4b43-8dbb-cebfdacf033d/giuliamartinelli/CMU/allasfamc/all_asfamc/subjects/08/08.asf,/media/giuliamartinelli/c73e5e73-45ea-4b43-8dbb-cebfdacf033d/giuliamartinelli/CMU/SMPL/08/08_11_stageii.npz,375
/media/giuliamartinelli/c73e5e73-45ea-4b43-8dbb-cebfdacf033d/giuliamartinelli/CMU/allc3d_1a/subjects/11/11_01.c3d,597,/media/giuliamartinelli/c73e5e73-45ea-4b43-8dbb-cebfdacf033d/giuliamartinelli/CMU/allasfamc/all_asfamc/subjects/11/11_01.amc,597,/media/giuliamartinelli/c73e5e73-45ea-4b43-8dbb-cebfdacf033d/giuliamartinelli/CMU/allasfamc/all_asfamc/subjects/11/11.asf,/media/giuliamartinelli/c73e5e73-45ea-4b43-8dbb-cebfdacf033d/giuliamartinelli/CMU/SMPL/11/11_01_stageii.npz,597
/media/giuliamartinelli/c73e5e73-45ea-4b43-8dbb-cebfdacf033d/giuliamartinelli/CMU/allc3d_1b/subjects/12/12_01.c3d,523,/media/giuliamartinelli/c73e5e73-45ea-4b43-8dbb-cebfdacf033d/giuliamartinelli/CMU/allasfamc/all_asfamc/subjects/12/12_01.amc,523,/media/giuliamartinelli/c73e5e73-45ea-4b43-8dbb-cebfdacf033d/giuliamartinelli/CMU/allasfamc/all_asfamc/subjects/12/12.asf,/media/giuliamartinelli/c73e5e73-45ea-4b43-8dbb-cebfdacf033d/giuliamartinelli/CMU/SMPL/12/12_01_stageii.npz,523
/media/giuliamartinelli/c73e5e73-45ea-4b43-8dbb-cebfdacf033d/giuliamartinelli/CMU/allc3d_1b/subjects/12/12_02.c3d,673,/media/giuliamartinelli/c73e5e73-45ea-4b43-8dbb-cebfdacf033d/giuliamartinelli/CMU/allasfamc/all_asfamc/subjects/12/12_02.amc,673,/media/giuliamartinelli/c73e5e73-45ea-4b43-8dbb-cebfdacf033d/giuliamartinelli/CMU/allasfamc/all_asfamc/subjects/12/12.asf,/media/giuliamartinelli/c73e5e73-45ea-4b43-8dbb-cebfdacf033d/giuliamartinelli/CMU/SMPL/12/12_02_stageii.npz,673
/media/giuliamartinelli/c73e5e73-45ea-4b43-8dbb-cebfdacf033d/giuliamartinelli/CMU/allc3d_1b/subjects/12/12_03.c3d,565,/media/giuliamartinelli/c73e5e73-45ea-4b43-8dbb-cebfdacf033d/giuliamartinelli/CMU/allasfamc/all_asfamc/subjects/12/12_03.amc,565,/media/giuliamartinelli/c73e5e73-45ea-4b43-8dbb-cebfdacf033d/giuliamartinelli/CMU/allasfamc/all_asfamc/subjects/12/12.asf,/media/giuliamartinelli/c73e5e73-45ea-4b43-8dbb-cebfdacf033d/giuliamartinelli/CMU/SMPL/12/12_03_stageii.npz,565
/media/giuliamartinelli/c73e5e73-45ea-4b43-8dbb-cebfdacf033d/giuliamartinelli/CMU/allc3d_1b/subjects/12/12_04.c3d,17799,/media/giuliamartinelli/c73e5e73-45ea-4b43-8dbb-cebfdacf033d/giuliamartinelli/CMU/allasfamc/all_asfamc/subjects/12/12_04.amc,17799,/media/giuliamartinelli/c73e5e73-45ea-4b43-8dbb-cebfdacf033d/giuliamartinelli/CMU/allasfamc/all_asfamc/subjects/12/12.asf,/media/giuliamartinelli/c73e5e73-45ea-4b43-8dbb-cebfdacf033d/giuliamartinelli/CMU/SMPL/12/12_04_stageii.npz,17799
/media/giuliamartinelli/c73e5e73-45ea-4b43-8dbb-cebfdacf033d/giuliamartinelli/CMU/allc3d_234/subjects/24/24_01.c3d,2072,/media/giuliamartinelli/c73e5e73-45ea-4b43-8dbb-cebfdacf033d/giuliamartinelli/CMU/allasfamc/all_asfamc/subjects/24/24_01.amc,2072,/media/giuliamartinelli/c73e5e73-45ea-4b43-8dbb-cebfdacf033d/giuliamartinelli/CMU/allasfamc/all_asfamc/subjects/24/24.asf,/media/giuliamartinelli/c73e5e73-45ea-4b43-8dbb-cebfdacf033d/giuliamartinelli/CMU/SMPL/24/24_01_stageii.npz,2072
/media/giuliamartinelli/c73e5e73-45ea-4b43-8dbb-cebfdacf033d/giuliamartinelli/CMU/allc3d_234/subjects/25/25_01.c3d,1618,/media/giuliamartinelli/c73e5e73-45ea-4b43-8dbb-cebfdacf033d/giuliamartinelli/CMU/allasfamc/all_asfamc/subjects/25/25_01.amc,1618,/media/giuliamartinelli/c73e5e73-45ea-4b43-8dbb-cebfdacf033d/giuliamartinelli/CMU/allasfamc/all_asfamc/subjects/25/25.asf,/media/giuliamartinelli/c73e5e73-45ea-4b43-8dbb-cebfdacf033d/giuliamartinelli/CMU/SMPL/25/25_01_stageii.npz,1618
/media/giuliamartinelli/c73e5e73-45ea-4b43-8dbb-cebfdacf033d/giuliamartinelli/CMU/allc3d_234/subjects/26/26_01.c3d,884,/media/giuliamartinelli/c73e5e73-45ea-4b43-8dbb-cebfdacf033d/giuliamartinelli/CMU/allasfamc/all_asfamc/subjects/26/26_01.amc,833,/media/giuliamartinelli/c73e5e73-45ea-4b43-8dbb-cebfdacf033d/giuliamartinelli/CMU/allasfamc/all_asfamc/subjects/26/26.asf,/media/giuliamartinelli/c73e5e73-45ea-4b43-8dbb-cebfdacf033d/giuliamartinelli/CMU/SMPL/26/26_01_stageii.npz,884
/media/giuliamartinelli/c73e5e73-45ea-4b43-8dbb-cebfdacf033d/giuliamartinelli/CMU/allc3d_234/subjects/26/26_02.c3d,6058,/media/giuliamartinelli/c73e5e73-45ea-4b43-8dbb-cebfdacf033d/giuliamartinelli/CMU/allasfamc/all_asfamc/subjects/26/26_02.amc,6058,/media/giuliamartinelli/c73e5e73-45ea-4b43-8dbb-cebfdacf033d/giuliamartinelli/CMU/allasfamc/all_asfamc/subjects/26/26.asf,/media/giuliamartinelli/c73e5e73-45ea-4b43-8dbb-cebfdacf033d/giuliamartinelli/CMU/SMPL/26/26_02_stageii.npz,6058
/media/giuliamartinelli/c73e5e73-45ea-4b43-8dbb-cebfdacf033d/giuliamartinelli/CMU/allc3d_234/subjects/26/26_03.c3d,2238,/media/giuliamartinelli/c73e5e73-45ea-4b43-8dbb-cebfdacf033d/giuliamartinelli/CMU/allasfamc/all_asfamc/subjects/26/26_03.amc,2246,/media/giuliamartinelli/c73e5e73-45ea-4b43-8dbb-cebfdacf033d/giuliamartinelli/CMU/allasfamc/all_asfamc/subjects/26/26.asf,/media/giuliamartinelli/c73e5e73-45ea-4b43-8dbb-cebfdacf033d/giuliamartinelli/CMU/SMPL/26/26_03_stageii.npz,2238
/media/giuliamartinelli/c73e5e73-45ea-4b43-8dbb-cebfdacf033d/giuliamartinelli/CMU/allc3d_234/subjects/26/26_05.c3d,3635,/media/giuliamartinelli/c73e5e73-45ea-4b43-8dbb-cebfdacf033d/giuliamartinelli/CMU/allasfamc/all_asfamc/subjects/26/26_05.amc,3635,/media/giuliamartinelli/c73e5e73-45ea-4b43-8dbb-cebfdacf033d/giuliamartinelli/CMU/allasfamc/all_asfamc/subjects/26/26.asf,/media/giuliamartinelli/c73e5e73-45ea-4b43-8dbb-cebfdacf033d/giuliamartinelli/CMU/SMPL/26/26_05_stageii.npz,3635
/media/giuliamartinelli/c73e5e73-45ea-4b43-8dbb-cebfdacf033d/giuliamartinelli/CMU/allc3d_234/subjects/26/26_10.c3d,697,/media/giuliamartinelli/c73e5e73-45ea-4b43-8dbb-cebfdacf033d/giuliamartinelli/CMU/allasfamc/all_asfamc/subjects/26/26_10.amc,697,/media/giuliamartinelli/c73e5e73-45ea-4b43-8dbb-cebfdacf033d/giuliamartinelli/CMU/allasfamc/all_asfamc/subjects/26/26.asf,/media/giuliamartinelli/c73e5e73-45ea-4b43-8dbb-cebfdacf033d/giuliamartinelli/CMU/SMPL/26/26_10_stageii.npz,697
/media/giuliamartinelli/c73e5e73-45ea-4b43-8dbb-cebfdacf033d/giuliamartinelli/CMU/allc3d_234/subjects/28/28_01.c3d,3129,/media/giuliamartinelli/c73e5e73-45ea-4b43-8dbb-cebfdacf033d/giuliamartinelli/CMU/allasfamc/all_asfamc/subjects/28/28_01.amc,3205,/media/giuliamartinelli/c73e5e73-45ea-4b43-8dbb-cebfdacf033d/giuliamartinelli/CMU/allasfamc/all_asfamc/subjects/28/28.asf,/media/giuliamartinelli/c73e5e73-45ea-4b43-8dbb-cebfdacf033d/giuliamartinelli/CMU/SMPL/28/28_01_stageii.npz,3129
/media/giuliamartinelli/c73e5e73-45ea-4b43-8dbb-cebfdacf033d/giuliamartinelli/CMU/allc3d_234/subjects/28/28_02.c3d,2055,/media/giuliamartinelli/c73e5e73-45ea-4b43-8dbb-cebfdacf033d/giuliamartinelli/CMU/allasfamc/all_asfamc/subjects/28/28_02.amc,2136,/media/giuliamartinelli/c73e5e73-45ea-4b43-8dbb-cebfdacf033d/giuliamartinelli/CMU/allasfamc/all_asfamc/subjects/28/28.asf,/media/giuliamartinelli/c73e5e73-45ea-4b43-8dbb-cebfdacf033d/giuliamartinelli/CMU/SMPL/28/28_02_stageii.npz,2055
/media/giuliamartinelli/c73e5e73-45ea-4b43-8dbb-cebfdacf033d/giuliamartinelli/CMU/allc3d_234/subjects/28/28_03.c3d,3772,/media/giuliamartinelli/c73e5e73-45ea-4b43-8dbb-cebfdacf033d/giuliamartinelli/CMU/allasfamc/all_asfamc/subjects/28/28_03.amc,3772,/media/giuliamartinelli/c73e5e73-45ea-4b43-8dbb-cebfdacf033d/giuliamartinelli/CMU/allasfamc/all_asfamc/subjects/28/28.asf,/media/giuliamartinelli/c73e5e73-45ea-4b43-8dbb-cebfdacf033d/giuliamartinelli/CMU/SMPL/28/28_03_stageii.npz,3772
/media/giuliamartinelli/c73e5e73-45ea-4b43-8dbb-cebfdacf033d/giuliamartinelli/CMU/allc3d_234/subjects/28/28_04.c3d,7898,/media/giuliamartinelli/c73e5e73-45ea-4b43-8dbb-cebfdacf033d/giuliamartinelli/CMU/allasfamc/all_asfamc/subjects/28/28_04.amc,7898,/media/giuliamartinelli/c73e5e73-45ea-4b43-8dbb-cebfdacf033d/giuliamartinelli/CMU/allasfamc/all_asfamc/subjects/28/28.asf,/media/giuliamartinelli/c73e5e73-45ea-4b43-8dbb-cebfdacf033d/giuliamartinelli/CMU/SMPL/28/28_04_stageii.npz,7898
/media/giuliamartinelli/c73e5e73-45ea-4b43-8dbb-cebfdacf033d/giuliamartinelli/CMU/allc3d_234/subjects/28/28_05.c3d,3243,/media/giuliamartinelli/c73e5e73-45ea-4b43-8dbb-cebfdacf033d/giuliamartinelli/CMU/allasfamc/all_asfamc/subjects/28/28_05.amc,3243,/media/giuliamartinelli/c73e5e73-45ea-4b43-8dbb-cebfdacf033d/giuliamartinelli/CMU/allasfamc/all_asfamc/subjects/28/28.asf,/media/giuliamartinelli/c73e5e73-45ea-4b43-8dbb-cebfdacf033d/giuliamartinelli/CMU/SMPL/28/28_05_stageii.npz,3243
/media/giuliamartinelli/c73e5e73-45ea-4b43-8dbb-cebfdacf033d/giuliamartinelli/CMU/allc3d_234/subjects/28/28_06.c3d,2213,/media/giuliamartinelli/c73e5e73-45ea-4b43-8dbb-cebfdacf033d/giuliamartinelli/CMU/allasfamc/all_asfamc/subjects/28/28_06.amc,2213,/media/giuliamartinelli/c73e5e73-45ea-4b43-8dbb-cebfdacf033d/giuliamartinelli/CMU/allasfamc/all_asfamc/subjects/28/28.asf,/media/giuliamartinelli/c73e5e73-45ea-4b43-8dbb-cebfdacf033d/giuliamartinelli/CMU/SMPL/28/28_06_stageii.npz,2213
/media/giuliamartinelli/c73e5e73-45ea-4b43-8dbb-cebfdacf033d/giuliamartinelli/CMU/allc3d_234/subjects/28/28_07.c3d,3658,/media/giuliamartinelli/c73e5e73-45ea-4b43-8dbb-cebfdacf033d/giuliamartinelli/CMU/allasfamc/all_asfamc/subjects/28/28_07.amc,3658,/media/giuliamartinelli/c73e5e73-45ea-4b43-8dbb-cebfdacf033d/giuliamartinelli/CMU/allasfamc/all_asfamc/subjects/28/28.asf,/media/giuliamartinelli/c73e5e73-45ea-4b43-8dbb-cebfdacf033d/giuliamartinelli/CMU/SMPL/28/28_07_stageii.npz,3658
/media/giuliamartinelli/c73e5e73-45ea-4b43-8dbb-cebfdacf033d/giuliamartinelli/CMU/allc3d_234/subjects/28/28_09.c3d,1713,/media/giuliamartinelli/c73e5e73-45ea-4b43-8dbb-cebfdacf033d/giuliamartinelli/CMU/allasfamc/all_asfamc/subjects/28/28_09.amc,1713,/media/giuliamartinelli/c73e5e73-45ea-4b43-8dbb-cebfdacf033d/giuliamartinelli/CMU/allasfamc/all_asfamc/subjects/28/28.asf,/media/giuliamartinelli/c73e5e73-45ea-4b43-8dbb-cebfdacf033d/giuliamartinelli/CMU/SMPL/28/28_09_stageii.npz,1713
/media/giuliamartinelli/c73e5e73-45ea-4b43-8dbb-cebfdacf033d/giuliamartinelli/CMU/allc3d_234/subjects/28/28_10.c3d,2075,/media/giuliamartinelli/c73e5e73-45ea-4b43-8dbb-cebfdacf033d/giuliamartinelli/CMU/allasfamc/all_asfamc/subjects/28/28_10.amc,2075,/media/giuliamartinelli/c73e5e73-45ea-4b43-8dbb-cebfdacf033d/giuliamartinelli/CMU/allasfamc/all_asfamc/subjects/28/28.asf,/media/giuliamartinelli/c73e5e73-45ea-4b43-8dbb-cebfdacf033d/giuliamartinelli/CMU/SMPL/28/28_10_stageii.npz,2075
/media/giuliamartinelli/c73e5e73-45ea-4b43-8dbb-cebfdacf033d/giuliamartinelli/CMU/allc3d_234/subjects/28/28_11.c3d,6616,/media/giuliamartinelli/c73e5e73-45ea-4b43-8dbb-cebfdacf033d/giuliamartinelli/CMU/allasfamc/all_asfamc/subjects/28/28_11.amc,6616,/media/giuliamartinelli/c73e5e73-45ea-4b43-8dbb-cebfdacf033d/giuliamartinelli/CMU/allasfamc/all_asfamc/subjects/28/28.asf,/media/giuliamartinelli/c73e5e73-45ea-4b43-8dbb-cebfdacf033d/giuliamartinelli/CMU/SMPL/28/28_11_stageii.npz,6616
/media/giuliamartinelli/c73e5e73-45ea-4b43-8dbb-cebfdacf033d/giuliamartinelli/CMU/allc3d_234/subjects/28/28_12.c3d,5147,/media/giuliamartinelli/c73e5e73-45ea-4b43-8dbb-cebfdacf033d/giuliamartinelli/CMU/allasfamc/all_asfamc/subjects/28/28_12.amc,5147,/media/giuliamartinelli/c73e5e73-45ea-4b43-8dbb-cebfdacf033d/giuliamartinelli/CMU/allasfamc/all_asfamc/subjects/28/28.asf,/media/giuliamartinelli/c73e5e73-45ea-4b43-8dbb-cebfdacf033d/giuliamartinelli/CMU/SMPL/28/28_12_stageii.npz,5147
/media/giuliamartinelli/c73e5e73-45ea-4b43-8dbb-cebfdacf033d/giuliamartinelli/CMU/allc3d_234/subjects/28/28_13.c3d,5889,/media/giuliamartinelli/c73e5e73-45ea-4b43-8dbb-cebfdacf033d/giuliamartinelli/CMU/allasfamc/all_asfamc/subjects/28/28_13.amc,5889,/media/giuliamartinelli/c73e5e73-45ea-4b43-8dbb-cebfdacf033d/giuliamartinelli/CMU/allasfamc/all_asfamc/subjects/28/28.asf,/media/giuliamartinelli/c73e5e73-45ea-4b43-8dbb-cebfdacf033d/giuliamartinelli/CMU/SMPL/28/28_13_stageii.npz,5889
/media/giuliamartinelli/c73e5e73-45ea-4b43-8dbb-cebfdacf033d/giuliamartinelli/CMU/allc3d_234/subjects/28/28_14.c3d,3742,/media/giuliamartinelli/c73e5e73-45ea-4b43-8dbb-cebfdacf033d/giuliamartinelli/CMU/allasfamc/all_asfamc/subjects/28/28_14.amc,3742,/media/giuliamartinelli/c73e5e73-45ea-4b43-8dbb-cebfdacf033d/giuliamartinelli/CMU/allasfamc/all_asfamc/subjects/28/28.asf,/media/giuliamartinelli/c73e5e73-45ea-4b43-8dbb-cebfdacf033d/giuliamartinelli/CMU/SMPL/28/28_14_stageii.npz,3742
/media/giuliamartinelli/c73e5e73-45ea-4b43-8dbb-cebfdacf033d/giuliamartinelli/CMU/allc3d_234/subjects/28/28_15.c3d,3443,/media/giuliamartinelli/c73e5e73-45ea-4b43-8dbb-cebfdacf033d/giuliamartinelli/CMU/allasfamc/all_asfamc/subjects/28/28_15.amc,3443,/media/giuliamartinelli/c73e5e73-45ea-4b43-8dbb-cebfdacf033d/giuliamartinelli/CMU/allasfamc/all_asfamc/subjects/28/28.asf,/media/giuliamartinelli/c73e5e73-45ea-4b43-8dbb-cebfdacf033d/giuliamartinelli/CMU/SMPL/28/28_15_stageii.npz,3443
/media/giuliamartinelli/c73e5e73-45ea-4b43-8dbb-cebfdacf033d/giuliamartinelli/CMU/allc3d_234/subjects/28/28_16.c3d,5601,/media/giuliamartinelli/c73e5e73-45ea-4b43-8dbb-cebfdacf033d/giuliamartinelli/CMU/allasfamc/all_asfamc/subjects/28/28_16.amc,5601,/media/giuliamartinelli/c73e5e73-45ea-4b43-8dbb-cebfdacf033d/giuliamartinelli/CMU/allasfamc/all_asfamc/subjects/28/28.asf,/media/giuliamartinelli/c73e5e73-45ea-4b43-8dbb-cebfdacf033d/giuliamartinelli/CMU/SMPL/28/28_16_stageii.npz,5601
/media/giuliamartinelli/c73e5e73-45ea-4b43-8dbb-cebfdacf033d/giuliamartinelli/CMU/allc3d_234/subjects/28/28_17.c3d,5338,/media/giuliamartinelli/c73e5e73-45ea-4b43-8dbb-cebfdacf033d/giuliamartinelli/CMU/allasfamc/all_asfamc/subjects/28/28_17.amc,5338,/media/giuliamartinelli/c73e5e73-45ea-4b43-8dbb-cebfdacf033d/giuliamartinelli/CMU/allasfamc/all_asfamc/subjects/28/28.asf,/media/giuliamartinelli/c73e5e73-45ea-4b43-8dbb-cebfdacf033d/giuliamartinelli/CMU/SMPL/28/28_17_stageii.npz,5338
/media/giuliamartinelli/c73e5e73-45ea-4b43-8dbb-cebfdacf033d/giuliamartinelli/CMU/allc3d_234/subjects/28/28_19.c3d,4522,/media/giuliamartinelli/c73e5e73-45ea-4b43-8dbb-cebfdacf033d/giuliamartinelli/CMU/allasfamc/all_asfamc/subjects/28/28_19.amc,4522,/media/giuliamartinelli/c73e5e73-45ea-4b43-8dbb-cebfdacf033d/giuliamartinelli/CMU/allasfamc/all_asfamc/subjects/28/28.asf,/media/giuliamartinelli/c73e5e73-45ea-4b43-8dbb-cebfdacf033d/giuliamartinelli/CMU/SMPL/28/28_19_stageii.npz,4522
/media/giuliamartinelli/c73e5e73-45ea-4b43-8dbb-cebfdacf033d/giuliamartinelli/CMU/allc3d_234/subjects/31/31_01.c3d,3955,/media/giuliamartinelli/c73e5e73-45ea-4b43-8dbb-cebfdacf033d/giuliamartinelli/CMU/allasfamc/all_asfamc/subjects/31/31_01.amc,3955,/media/giuliamartinelli/c73e5e73-45ea-4b43-8dbb-cebfdacf033d/giuliamartinelli/CMU/allasfamc/all_asfamc/subjects/31/31.asf,/media/giuliamartinelli/c73e5e73-45ea-4b43-8dbb-cebfdacf033d/giuliamartinelli/CMU/SMPL/31/31_01_stageii.npz,3955
/media/giuliamartinelli/c73e5e73-45ea-4b43-8dbb-cebfdacf033d/giuliamartinelli/CMU/allc3d_234/subjects/31/31_02.c3d,2272,/media/giuliamartinelli/c73e5e73-45ea-4b43-8dbb-cebfdacf033d/giuliamartinelli/CMU/allasfamc/all_asfamc/subjects/31/31_02.amc,2272,/media/giuliamartinelli/c73e5e73-45ea-4b43-8dbb-cebfdacf033d/giuliamartinelli/CMU/allasfamc/all_asfamc/subjects/31/31.asf,/media/giuliamartinelli/c73e5e73-45ea-4b43-8dbb-cebfdacf033d/giuliamartinelli/CMU/SMPL/31/31_02_stageii.npz,2272
/media/giuliamartinelli/c73e5e73-45ea-4b43-8dbb-cebfdacf033d/giuliamartinelli/CMU/allc3d_234/subjects/31/31_03.c3d,3700,/media/giuliamartinelli/c73e5e73-45ea-4b43-8dbb-cebfdacf033d/giuliamartinelli/CMU/allasfamc/all_asfamc/subjects/31/31_03.amc,3700,/media/giuliamartinelli/c73e5e73-45ea-4b43-8dbb-cebfdacf033d/giuliamartinelli/CMU/allasfamc/all_asfamc/subjects/31/31.asf,/media/giuliamartinelli/c73e5e73-45ea-4b43-8dbb-cebfdacf033d/giuliamartinelli/CMU/SMPL/31/31_03_stageii.npz,3700
/media/giuliamartinelli/c73e5e73-45ea-4b43-8dbb-cebfdacf033d/giuliamartinelli/CMU/allc3d_234/subjects/31/31_05.c3d,3181,/media/giuliamartinelli/c73e5e73-45ea-4b43-8dbb-cebfdacf033d/giuliamartinelli/CMU/allasfamc/all_asfamc/subjects/31/31_05.amc,3181,/media/giuliamartinelli/c73e5e73-45ea-4b43-8dbb-cebfdacf033d/giuliamartinelli/CMU/allasfamc/all_asfamc/subjects/31/31.asf,/media/giuliamartinelli/c73e5e73-45ea-4b43-8dbb-cebfdacf033d/giuliamartinelli/CMU/SMPL/31/31_05_stageii.npz,3181
/media/giuliamartinelli/c73e5e73-45ea-4b43-8dbb-cebfdacf033d/giuliamartinelli/CMU/allc3d_234/subjects/31/31_06.c3d,2111,/media/giuliamartinelli/c73e5e73-45ea-4b43-8dbb-cebfdacf033d/giuliamartinelli/CMU/allasfamc/all_asfamc/subjects/31/31_06.amc,2111,/media/giuliamartinelli/c73e5e73-45ea-4b43-8dbb-cebfdacf033d/giuliamartinelli/CMU/allasfamc/all_asfamc/subjects/31/31.asf,/media/giuliamartinelli/c73e5e73-45ea-4b43-8dbb-cebfdacf033d/giuliamartinelli/CMU/SMPL/31/31_06_stageii.npz,2111
/media/giuliamartinelli/c73e5e73-45ea-4b43-8dbb-cebfdacf033d/giuliamartinelli/CMU/allc3d_234/subjects/31/31_07.c3d,3693,/media/giuliamartinelli/c73e5e73-45ea-4b43-8dbb-cebfdacf033d/giuliamartinelli/CMU/allasfamc/all_asfamc/subjects/31/31_07.amc,3693,/media/giuliamartinelli/c73e5e73-45ea-4b43-8dbb-cebfdacf033d/giuliamartinelli/CMU/allasfamc/all_asfamc/subjects/31/31.asf,/media/giuliamartinelli/c73e5e73-45ea-4b43-8dbb-cebfdacf033d/giuliamartinelli/CMU/SMPL/31/31_07_stageii.npz,3693
/media/giuliamartinelli/c73e5e73-45ea-4b43-8dbb-cebfdacf033d/giuliamartinelli/CMU/allc3d_234/subjects/31/31_08.c3d,7862,/media/giuliamartinelli/c73e5e73-45ea-4b43-8dbb-cebfdacf033d/giuliamartinelli/CMU/allasfamc/all_asfamc/subjects/31/31_08.amc,7862,/media/giuliamartinelli/c73e5e73-45ea-4b43-8dbb-cebfdacf033d/giuliamartinelli/CMU/allasfamc/all_asfamc/subjects/31/31.asf,/media/giuliamartinelli/c73e5e73-45ea-4b43-8dbb-cebfdacf033d/giuliamartinelli/CMU/SMPL/31/31_08_stageii.npz,7862
/media/giuliamartinelli/c73e5e73-45ea-4b43-8dbb-cebfdacf033d/giuliamartinelli/CMU/allc3d_234/subjects/31/31_09.c3d,14654,/media/giuliamartinelli/c73e5e73-45ea-4b43-8dbb-cebfdacf033d/giuliamartinelli/CMU/allasfamc/all_asfamc/subjects/31/31_09.amc,14654,/media/giuliamartinelli/c73e5e73-45ea-4b43-8dbb-cebfdacf033d/giuliamartinelli/CMU/allasfamc/all_asfamc/subjects/31/31.asf,/media/giuliamartinelli/c73e5e73-45ea-4b43-8dbb-cebfdacf033d/giuliamartinelli/CMU/SMPL/31/31_09_stageii.npz,14654
/media/giuliamartinelli/c73e5e73-45ea-4b43-8dbb-cebfdacf033d/giuliamartinelli/CMU/allc3d_234/subjects/31/31_10.c3d,13659,/media/giuliamartinelli/c73e5e73-45ea-4b43-8dbb-cebfdacf033d/giuliamartinelli/CMU/allasfamc/all_asfamc/subjects/31/31_10.amc,13659,/media/giuliamartinelli/c73e5e73-45ea-4b43-8dbb-cebfdacf033d/giuliamartinelli/CMU/allasfamc/all_asfamc/subjects/31/31.asf,/media/giuliamartinelli/c73e5e73-45ea-4b43-8dbb-cebfdacf033d/giuliamartinelli/CMU/SMPL/31/31_10_stageii.npz,13659
/media/giuliamartinelli/c73e5e73-45ea-4b43-8dbb-cebfdacf033d/giuliamartinelli/CMU/allc3d_234/subjects/31/31_11.c3d,3875,/media/giuliamartinelli/c73e5e73-45ea-4b43-8dbb-cebfdacf033d/giuliamartinelli/CMU/allasfamc/all_asfamc/subjects/31/31_11.amc,3875,/media/giuliamartinelli/c73e5e73-45ea-4b43-8dbb-cebfdacf033d/giuliamartinelli/CMU/allasfamc/all_asfamc/subjects/31/31.asf,/media/giuliamartinelli/c73e5e73-45ea-4b43-8dbb-cebfdacf033d/giuliamartinelli/CMU/SMPL/31/31_11_stageii.npz,3875
/media/giuliamartinelli/c73e5e73-45ea-4b43-8dbb-cebfdacf033d/giuliamartinelli/CMU/allc3d_234/subjects/31/31_13.c3d,3888,/media/giuliamartinelli/c73e5e73-45ea-4b43-8dbb-cebfdacf033d/giuliamartinelli/CMU/allasfamc/all_asfamc/subjects/31/31_13.amc,3888,/media/giuliamartinelli/c73e5e73-45ea-4b43-8dbb-cebfdacf033d/giuliamartinelli/CMU/allasfamc/all_asfamc/subjects/31/31.asf,/media/giuliamartinelli/c73e5e73-45ea-4b43-8dbb-cebfdacf033d/giuliamartinelli/CMU/SMPL/31/31_13_stageii.npz,3888
/media/giuliamartinelli/c73e5e73-45ea-4b43-8dbb-cebfdacf033d/giuliamartinelli/CMU/allc3d_234/subjects/31/31_14.c3d,3793,/media/giuliamartinelli/c73e5e73-45ea-4b43-8dbb-cebfdacf033d/giuliamartinelli/CMU/allasfamc/all_asfamc/subjects/31/31_14.amc,3793,/media/giuliamartinelli/c73e5e73-45ea-4b43-8dbb-cebfdacf033d/giuliamartinelli/CMU/allasfamc/all_asfamc/subjects/31/31.asf,/media/giuliamartinelli/c73e5e73-45ea-4b43-8dbb-cebfdacf033d/giuliamartinelli/CMU/SMPL/31/31_14_stageii.npz,3793
/media/giuliamartinelli/c73e5e73-45ea-4b43-8dbb-cebfdacf033d/giuliamartinelli/CMU/allc3d_234/subjects/31/31_15.c3d,3707,/media/giuliamartinelli/c73e5e73-45ea-4b43-8dbb-cebfdacf033d/giuliamartinelli/CMU/allasfamc/all_asfamc/subjects/31/31_15.amc,3707,/media/giuliamartinelli/c73e5e73-45ea-4b43-8dbb-cebfdacf033d/giuliamartinelli/CMU/allasfamc/all_asfamc/subjects/31/31.asf,/media/giuliamartinelli/c73e5e73-45ea-4b43-8dbb-cebfdacf033d/giuliamartinelli/CMU/SMPL/31/31_15_stageii.npz,3707
/media/giuliamartinelli/c73e5e73-45ea-4b43-8dbb-cebfdacf033d/giuliamartinelli/CMU/allc3d_234/subjects/31/31_16.c3d,3910,/media/giuliamartinelli/c73e5e73-45ea-4b43-8dbb-cebfdacf033d/giuliamartinelli/CMU/allasfamc/all_asfamc/subjects/31/31_16.amc,3910,/media/giuliamartinelli/c73e5e73-45ea-4b43-8dbb-cebfdacf033d/giuliamartinelli/CMU/allasfamc/all_asfamc/subjects/31/31.asf,/media/giuliamartinelli/c73e5e73-45ea-4b43-8dbb-cebfdacf033d/giuliamartinelli/CMU/SMPL/31/31_16_stageii.npz,3910
/media/giuliamartinelli/c73e5e73-45ea-4b43-8dbb-cebfdacf033d/giuliamartinelli/CMU/allc3d_234/subjects/31/31_17.c3d,3993,/media/giuliamartinelli/c73e5e73-45ea-4b43-8dbb-cebfdacf033d/giuliamartinelli/CMU/allasfamc/all_asfamc/subjects/31/31_17.amc,3993,/media/giuliamartinelli/c73e5e73-45ea-4b43-8dbb-cebfdacf033d/giuliamartinelli/CMU/allasfamc/all_asfamc/subjects/31/31.asf,/media/giuliamartinelli/c73e5e73-45ea-4b43-8dbb-cebfdacf033d/giuliamartinelli/CMU/SMPL/31/31_17_stageii.npz,3993
/media/giuliamartinelli/c73e5e73-45ea-4b43-8dbb-cebfdacf033d/giuliamartinelli/CMU/allc3d_234/subjects/31/31_18.c3d,4236,/media/giuliamartinelli/c73e5e73-45ea-4b43-8dbb-cebfdacf033d/giuliamartinelli/CMU/allasfamc/all_asfamc/subjects/31/31_18.amc,4236,/media/giuliamartinelli/c73e5e73-45ea-4b43-8dbb-cebfdacf033d/giuliamartinelli/CMU/allasfamc/all_asfamc/subjects/31/31.asf,/media/giuliamartinelli/c73e5e73-45ea-4b43-8dbb-cebfdacf033d/giuliamartinelli/CMU/SMPL/31/31_18_stageii.npz,4236
/media/giuliamartinelli/c73e5e73-45ea-4b43-8dbb-cebfdacf033d/giuliamartinelli/CMU/allc3d_234/subjects/31/31_19.c3d,3991,/media/giuliamartinelli/c73e5e73-45ea-4b43-8dbb-cebfdacf033d/giuliamartinelli/CMU/allasfamc/all_asfamc/subjects/31/31_19.amc,3991,/media/giuliamartinelli/c73e5e73-45ea-4b43-8dbb-cebfdacf033d/giuliamartinelli/CMU/allasfamc/all_asfamc/subjects/31/31.asf,/media/giuliamartinelli/c73e5e73-45ea-4b43-8dbb-cebfdacf033d/giuliamartinelli/CMU/SMPL/31/31_19_stageii.npz,3991
/media/giuliamartinelli/c73e5e73-45ea-4b43-8dbb-cebfdacf033d/giuliamartinelli/CMU/allc3d_234/subjects/31/31_20.c3d,3946,/media/giuliamartinelli/c73e5e73-45ea-4b43-8dbb-cebfdacf033d/giuliamartinelli/CMU/allasfamc/all_asfamc/subjects/31/31_20.amc,3946,/media/giuliamartinelli/c73e5e73-45ea-4b43-8dbb-cebfdacf033d/giuliamartinelli/CMU/allasfamc/all_asfamc/subjects/31/31.asf,/media/giuliamartinelli/c73e5e73-45ea-4b43-8dbb-cebfdacf033d/giuliamartinelli/CMU/SMPL/31/31_20_stageii.npz,3946
/media/giuliamartinelli/c73e5e73-45ea-4b43-8dbb-cebfdacf033d/giuliamartinelli/CMU/allc3d_234/subjects/31/31_21.c3d,4086,/media/giuliamartinelli/c73e5e73-45ea-4b43-8dbb-cebfdacf033d/giuliamartinelli/CMU/allasfamc/all_asfamc/subjects/31/31_21.amc,4086,/media/giuliamartinelli/c73e5e73-45ea-4b43-8dbb-cebfdacf033d/giuliamartinelli/CMU/allasfamc/all_asfamc/subjects/31/31.asf,/media/giuliamartinelli/c73e5e73-45ea-4b43-8dbb-cebfdacf033d/giuliamartinelli/CMU/SMPL/31/31_21_stageii.npz,4086
/media/giuliamartinelli/c73e5e73-45ea-4b43-8dbb-cebfdacf033d/giuliamartinelli/CMU/allc3d_234/subjects/32/32_01.c3d,482,/media/giuliamartinelli/c73e5e73-45ea-4b43-8dbb-cebfdacf033d/giuliamartinelli/CMU/allasfamc/all_asfamc/subjects/32/32_01.amc,482,/media/giuliamartinelli/c73e5e73-45ea-4b43-8dbb-cebfdacf033d/giuliamartinelli/CMU/allasfamc/all_asfamc/subjects/32/32.asf,/media/giuliamartinelli/c73e5e73-45ea-4b43-8dbb-cebfdacf033d/giuliamartinelli/CMU/SMPL/32/32_01_stageii.npz,482
/media/giuliamartinelli/c73e5e73-45ea-4b43-8dbb-cebfdacf033d/giuliamartinelli/CMU/allc3d_234/subjects/32/32_02.c3d,434,/media/giuliamartinelli/c73e5e73-45ea-4b43-8dbb-cebfdacf033d/giuliamartinelli/CMU/allasfamc/all_asfamc/subjects/32/32_02.amc,434,/media/giuliamartinelli/c73e5e73-45ea-4b43-8dbb-cebfdacf033d/giuliamartinelli/CMU/allasfamc/all_asfamc/subjects/32/32.asf,/media/giuliamartinelli/c73e5e73-45ea-4b43-8dbb-cebfdacf033d/giuliamartinelli/CMU/SMPL/32/32_02_stageii.npz,434
/media/giuliamartinelli/c73e5e73-45ea-4b43-8dbb-cebfdacf033d/giuliamartinelli/CMU/allc3d_234/subjects/32/32_03.c3d,3238,/media/giuliamartinelli/c73e5e73-45ea-4b43-8dbb-cebfdacf033d/giuliamartinelli/CMU/allasfamc/all_asfamc/subjects/32/32_03.amc,3238,/media/giuliamartinelli/c73e5e73-45ea-4b43-8dbb-cebfdacf033d/giuliamartinelli/CMU/allasfamc/all_asfamc/subjects/32/32.asf,/media/giuliamartinelli/c73e5e73-45ea-4b43-8dbb-cebfdacf033d/giuliamartinelli/CMU/SMPL/32/32_03_stageii.npz,3238
/media/giuliamartinelli/c73e5e73-45ea-4b43-8dbb-cebfdacf033d/giuliamartinelli/CMU/allc3d_234/subjects/32/32_04.c3d,2310,/media/giuliamartinelli/c73e5e73-45ea-4b43-8dbb-cebfdacf033d/giuliamartinelli/CMU/allasfamc/all_asfamc/subjects/32/32_04.amc,2310,/media/giuliamartinelli/c73e5e73-45ea-4b43-8dbb-cebfdacf033d/giuliamartinelli/CMU/allasfamc/all_asfamc/subjects/32/32.asf,/media/giuliamartinelli/c73e5e73-45ea-4b43-8dbb-cebfdacf033d/giuliamartinelli/CMU/SMPL/32/32_04_stageii.npz,2310
/media/giuliamartinelli/c73e5e73-45ea-4b43-8dbb-cebfdacf033d/giuliamartinelli/CMU/allc3d_234/subjects/32/32_05.c3d,3648,/media/giuliamartinelli/c73e5e73-45ea-4b43-8dbb-cebfdacf033d/giuliamartinelli/CMU/allasfamc/all_asfamc/subjects/32/32_05.amc,3648,/media/giuliamartinelli/c73e5e73-45ea-4b43-8dbb-cebfdacf033d/giuliamartinelli/CMU/allasfamc/all_asfamc/subjects/32/32.asf,/media/giuliamartinelli/c73e5e73-45ea-4b43-8dbb-cebfdacf033d/giuliamartinelli/CMU/SMPL/32/32_05_stageii.npz,3648
/media/giuliamartinelli/c73e5e73-45ea-4b43-8dbb-cebfdacf033d/giuliamartinelli/CMU/allc3d_234/subjects/32/32_06.c3d,7851,/media/giuliamartinelli/c73e5e73-45ea-4b43-8dbb-cebfdacf033d/giuliamartinelli/CMU/allasfamc/all_asfamc/subjects/32/32_06.amc,7851,/media/giuliamartinelli/c73e5e73-45ea-4b43-8dbb-cebfdacf033d/giuliamartinelli/CMU/allasfamc/all_asfamc/subjects/32/32.asf,/media/giuliamartinelli/c73e5e73-45ea-4b43-8dbb-cebfdacf033d/giuliamartinelli/CMU/SMPL/32/32_06_stageii.npz,7851
/media/giuliamartinelli/c73e5e73-45ea-4b43-8dbb-cebfdacf033d/giuliamartinelli/CMU/allc3d_234/subjects/32/32_07.c3d,3119,/media/giuliamartinelli/c73e5e73-45ea-4b43-8dbb-cebfdacf033d/giuliamartinelli/CMU/allasfamc/all_asfamc/subjects/32/32_07.amc,3119,/media/giuliamartinelli/c73e5e73-45ea-4b43-8dbb-cebfdacf033d/giuliamartinelli/CMU/allasfamc/all_asfamc/subjects/32/32.asf,/media/giuliamartinelli/c73e5e73-45ea-4b43-8dbb-cebfdacf033d/giuliamartinelli/CMU/SMPL/32/32_07_stageii.npz,3119
/media/giuliamartinelli/c73e5e73-45ea-4b43-8dbb-cebfdacf033d/giuliamartinelli/CMU/allc3d_234/subjects/32/32_08.c3d,2240,/media/giuliamartinelli/c73e5e73-45ea-4b43-8dbb-cebfdacf033d/giuliamartinelli/CMU/allasfamc/all_asfamc/subjects/32/32_08.amc,2240,/media/giuliamartinelli/c73e5e73-45ea-4b43-8dbb-cebfdacf033d/giuliamartinelli/CMU/allasfamc/all_asfamc/subjects/32/32.asf,/media/giuliamartinelli/c73e5e73-45ea-4b43-8dbb-cebfdacf033d/giuliamartinelli/CMU/SMPL/32/32_08_stageii.npz,2240
/media/giuliamartinelli/c73e5e73-45ea-4b43-8dbb-cebfdacf033d/giuliamartinelli/CMU/allc3d_234/subjects/32/32_09.c3d,3736,/media/giuliamartinelli/c73e5e73-45ea-4b43-8dbb-cebfdacf033d/giuliamartinelli/CMU/allasfamc/all_asfamc/subjects/32/32_09.amc,3736,/media/giuliamartinelli/c73e5e73-45ea-4b43-8dbb-cebfdacf033d/giuliamartinelli/CMU/allasfamc/all_asfamc/subjects/32/32.asf,/media/giuliamartinelli/c73e5e73-45ea-4b43-8dbb-cebfdacf033d/giuliamartinelli/CMU/SMPL/32/32_09_stageii.npz,3736
/media/giuliamartinelli/c73e5e73-45ea-4b43-8dbb-cebfdacf033d/giuliamartinelli/CMU/allc3d_234/subjects/32/32_10.c3d,7942,/media/giuliamartinelli/c73e5e73-45ea-4b43-8dbb-cebfdacf033d/giuliamartinelli/CMU/allasfamc/all_asfamc/subjects/32/32_10.amc,7942,/media/giuliamartinelli/c73e5e73-45ea-4b43-8dbb-cebfdacf033d/giuliamartinelli/CMU/allasfamc/all_asfamc/subjects/32/32.asf,/media/giuliamartinelli/c73e5e73-45ea-4b43-8dbb-cebfdacf033d/giuliamartinelli/CMU/SMPL/32/32_10_stageii.npz,7942
/media/giuliamartinelli/c73e5e73-45ea-4b43-8dbb-cebfdacf033d/giuliamartinelli/CMU/allc3d_234/subjects/32/32_11.c3d,14684,/media/giuliamartinelli/c73e5e73-45ea-4b43-8dbb-cebfdacf033d/giuliamartinelli/CMU/allasfamc/all_asfamc/subjects/32/32_11.amc,14684,/media/giuliamartinelli/c73e5e73-45ea-4b43-8dbb-cebfdacf033d/giuliamartinelli/CMU/allasfamc/all_asfamc/subjects/32/32.asf,/media/giuliamartinelli/c73e5e73-45ea-4b43-8dbb-cebfdacf033d/giuliamartinelli/CMU/SMPL/32/32_11_stageii.npz,14684
/media/giuliamartinelli/c73e5e73-45ea-4b43-8dbb-cebfdacf033d/giuliamartinelli/CMU/allc3d_234/subjects/32/32_12.c3d,14704,/media/giuliamartinelli/c73e5e73-45ea-4b43-8dbb-cebfdacf033d/giuliamartinelli/CMU/allasfamc/all_asfamc/subjects/32/32_12.amc,14704,/media/giuliamartinelli/c73e5e73-45ea-4b43-8dbb-cebfdacf033d/giuliamartinelli/CMU/allasfamc/all_asfamc/subjects/32/32.asf,/media/giuliamartinelli/c73e5e73-45ea-4b43-8dbb-cebfdacf033d/giuliamartinelli/CMU/SMPL/32/32_12_stageii.npz,14704
/media/giuliamartinelli/c73e5e73-45ea-4b43-8dbb-cebfdacf033d/giuliamartinelli/CMU/allc3d_234/subjects/32/32_13.c3d,3234,/media/giuliamartinelli/c73e5e73-45ea-4b43-8dbb-cebfdacf033d/giuliamartinelli/CMU/allasfamc/all_asfamc/subjects/32/32_13.amc,3234,/media/giuliamartinelli/c73e5e73-45ea-4b43-8dbb-cebfdacf033d/giuliamartinelli/CMU/allasfamc/all_asfamc/subjects/32/32.asf,/media/giuliamartinelli/c73e5e73-45ea-4b43-8dbb-cebfdacf033d/giuliamartinelli/CMU/SMPL/32/32_13_stageii.npz,3234
/media/giuliamartinelli/c73e5e73-45ea-4b43-8dbb-cebfdacf033d/giuliamartinelli/CMU/allc3d_234/subjects/32/32_14.c3d,2667,/media/giuliamartinelli/c73e5e73-45ea-4b43-8dbb-cebfdacf033d/giuliamartinelli/CMU/allasfamc/all_asfamc/subjects/32/32_14.amc,2667,/media/giuliamartinelli/c73e5e73-45ea-4b43-8dbb-cebfdacf033d/giuliamartinelli/CMU/allasfamc/all_asfamc/subjects/32/32.asf,/media/giuliamartinelli/c73e5e73-45ea-4b43-8dbb-cebfdacf033d/giuliamartinelli/CMU/SMPL/32/32_14_stageii.npz,2667
/media/giuliamartinelli/c73e5e73-45ea-4b43-8dbb-cebfdacf033d/giuliamartinelli/CMU/allc3d_234/subjects/32/32_15.c3d,3627,/media/giuliamartinelli/c73e5e73-45ea-4b43-8dbb-cebfdacf033d/giuliamartinelli/CMU/allasfamc/all_asfamc/subjects/32/32_15.amc,3627,/media/giuliamartinelli/c73e5e73-45ea-4b43-8dbb-cebfdacf033d/giuliamartinelli/CMU/allasfamc/all_asfamc/subjects/32/32.asf,/media/giuliamartinelli/c73e5e73-45ea-4b43-8dbb-cebfdacf033d/giuliamartinelli/CMU/SMPL/32/32_15_stageii.npz,3627
/media/giuliamartinelli/c73e5e73-45ea-4b43-8dbb-cebfdacf033d/giuliamartinelli/CMU/allc3d_234/subjects/32/32_16.c3d,4390,/media/giuliamartinelli/c73e5e73-45ea-4b43-8dbb-cebfdacf033d/giuliamartinelli/CMU/allasfamc/all_asfamc/subjects/32/32_16.amc,4390,/media/giuliamartinelli/c73e5e73-45ea-4b43-8dbb-cebfdacf033d/giuliamartinelli/CMU/allasfamc/all_asfamc/subjects/32/32.asf,/media/giuliamartinelli/c73e5e73-45ea-4b43-8dbb-cebfdacf033d/giuliamartinelli/CMU/SMPL/32/32_16_stageii.npz,4390
/media/giuliamartinelli/c73e5e73-45ea-4b43-8dbb-cebfdacf033d/giuliamartinelli/CMU/allc3d_234/subjects/32/32_17.c3d,3312,/media/giuliamartinelli/c73e5e73-45ea-4b43-8dbb-cebfdacf033d/giuliamartinelli/CMU/allasfamc/all_asfamc/subjects/32/32_17.amc,3312,/media/giuliamartinelli/c73e5e73-45ea-4b43-8dbb-cebfdacf033d/giuliamartinelli/CMU/allasfamc/all_asfamc/subjects/32/32.asf,/media/giuliamartinelli/c73e5e73-45ea-4b43-8dbb-cebfdacf033d/giuliamartinelli/CMU/SMPL/32/32_17_stageii.npz,3312
/media/giuliamartinelli/c73e5e73-45ea-4b43-8dbb-cebfdacf033d/giuliamartinelli/CMU/allc3d_234/subjects/32/32_18.c3d,3032,/media/giuliamartinelli/c73e5e73-45ea-4b43-8dbb-cebfdacf033d/giuliamartinelli/CMU/allasfamc/all_asfamc/subjects/32/32_18.amc,3032,/media/giuliamartinelli/c73e5e73-45ea-4b43-8dbb-cebfdacf033d/giuliamartinelli/CMU/allasfamc/all_asfamc/subjects/32/32.asf,/media/giuliamartinelli/c73e5e73-45ea-4b43-8dbb-cebfdacf033d/giuliamartinelli/CMU/SMPL/32/32_18_stageii.npz,3032
/media/giuliamartinelli/c73e5e73-45ea-4b43-8dbb-cebfdacf033d/giuliamartinelli/CMU/allc3d_234/subjects/32/32_19.c3d,2311,/media/giuliamartinelli/c73e5e73-45ea-4b43-8dbb-cebfdacf033d/giuliamartinelli/CMU/allasfamc/all_asfamc/subjects/32/32_19.amc,2311,/media/giuliamartinelli/c73e5e73-45ea-4b43-8dbb-cebfdacf033d/giuliamartinelli/CMU/allasfamc/all_asfamc/subjects/32/32.asf,/media/giuliamartinelli/c73e5e73-45ea-4b43-8dbb-cebfdacf033d/giuliamartinelli/CMU/SMPL/32/32_19_stageii.npz,2311
/media/giuliamartinelli/c73e5e73-45ea-4b43-8dbb-cebfdacf033d/giuliamartinelli/CMU/allc3d_234/subjects/32/32_20.c3d,3555,/media/giuliamartinelli/c73e5e73-45ea-4b43-8dbb-cebfdacf033d/giuliamartinelli/CMU/allasfamc/all_asfamc/subjects/32/32_20.amc,3555,/media/giuliamartinelli/c73e5e73-45ea-4b43-8dbb-cebfdacf033d/giuliamartinelli/CMU/allasfamc/all_asfamc/subjects/32/32.asf,/media/giuliamartinelli/c73e5e73-45ea-4b43-8dbb-cebfdacf033d/giuliamartinelli/CMU/SMPL/32/32_20_stageii.npz,3555
/media/giuliamartinelli/c73e5e73-45ea-4b43-8dbb-cebfdacf033d/giuliamartinelli/CMU/allc3d_234/subjects/32/32_21.c3d,2038,/media/giuliamartinelli/c73e5e73-45ea-4b43-8dbb-cebfdacf033d/giuliamartinelli/CMU/allasfamc/all_asfamc/subjects/32/32_21.amc,2038,/media/giuliamartinelli/c73e5e73-45ea-4b43-8dbb-cebfdacf033d/giuliamartinelli/CMU/allasfamc/all_asfamc/subjects/32/32.asf,/media/giuliamartinelli/c73e5e73-45ea-4b43-8dbb-cebfdacf033d/giuliamartinelli/CMU/SMPL/32/32_21_stageii.npz,2038
/media/giuliamartinelli/c73e5e73-45ea-4b43-8dbb-cebfdacf033d/giuliamartinelli/CMU/allc3d_234/subjects/32/32_22.c3d,2847,/media/giuliamartinelli/c73e5e73-45ea-4b43-8dbb-cebfdacf033d/giuliamartinelli/CMU/allasfamc/all_asfamc/subjects/32/32_22.amc,2847,/media/giuliamartinelli/c73e5e73-45ea-4b43-8dbb-cebfdacf033d/giuliamartinelli/CMU/allasfamc/all_asfamc/subjects/32/32.asf,/media/giuliamartinelli/c73e5e73-45ea-4b43-8dbb-cebfdacf033d/giuliamartinelli/CMU/SMPL/32/32_22_stageii.npz,2847
/media/giuliamartinelli/c73e5e73-45ea-4b43-8dbb-cebfdacf033d/giuliamartinelli/CMU/allc3d_234/subjects/36/36_01.c3d,557,/media/giuliamartinelli/c73e5e73-45ea-4b43-8dbb-cebfdacf033d/giuliamartinelli/CMU/allasfamc/all_asfamc/subjects/36/36_01.amc,557,/media/giuliamartinelli/c73e5e73-45ea-4b43-8dbb-cebfdacf033d/giuliamartinelli/CMU/allasfamc/all_asfamc/subjects/36/36.asf,/media/giuliamartinelli/c73e5e73-45ea-4b43-8dbb-cebfdacf033d/giuliamartinelli/CMU/SMPL/36/36_01_stageii.npz,557
/media/giuliamartinelli/c73e5e73-45ea-4b43-8dbb-cebfdacf033d/giuliamartinelli/CMU/allc3d_234/subjects/36/36_02.c3d,4273,/media/giuliamartinelli/c73e5e73-45ea-4b43-8dbb-cebfdacf033d/giuliamartinelli/CMU/allasfamc/all_asfamc/subjects/36/36_02.amc,4273,/media/giuliamartinelli/c73e5e73-45ea-4b43-8dbb-cebfdacf033d/giuliamartinelli/CMU/allasfamc/all_asfamc/subjects/36/36.asf,/media/giuliamartinelli/c73e5e73-45ea-4b43-8dbb-cebfdacf033d/giuliamartinelli/CMU/SMPL/36/36_02_stageii.npz,4273
/media/giuliamartinelli/c73e5e73-45ea-4b43-8dbb-cebfdacf033d/giuliamartinelli/CMU/allc3d_234/subjects/36/36_03.c3d,3852,/media/giuliamartinelli/c73e5e73-45ea-4b43-8dbb-cebfdacf033d/giuliamartinelli/CMU/allasfamc/all_asfamc/subjects/36/36_03.amc,3852,/media/giuliamartinelli/c73e5e73-45ea-4b43-8dbb-cebfdacf033d/giuliamartinelli/CMU/allasfamc/all_asfamc/subjects/36/36.asf,/media/giuliamartinelli/c73e5e73-45ea-4b43-8dbb-cebfdacf033d/giuliamartinelli/CMU/SMPL/36/36_03_stageii.npz,3852
/media/giuliamartinelli/c73e5e73-45ea-4b43-8dbb-cebfdacf033d/giuliamartinelli/CMU/allc3d_234/subjects/36/36_04.c3d,3726,/media/giuliamartinelli/c73e5e73-45ea-4b43-8dbb-cebfdacf033d/giuliamartinelli/CMU/allasfamc/all_asfamc/subjects/36/36_04.amc,3726,/media/giuliamartinelli/c73e5e73-45ea-4b43-8dbb-cebfdacf033d/giuliamartinelli/CMU/allasfamc/all_asfamc/subjects/36/36.asf,/media/giuliamartinelli/c73e5e73-45ea-4b43-8dbb-cebfdacf033d/giuliamartinelli/CMU/SMPL/36/36_04_stageii.npz,3726
/media/giuliamartinelli/c73e5e73-45ea-4b43-8dbb-cebfdacf033d/giuliamartinelli/CMU/allc3d_234/subjects/36/36_05.c3d,4196,/media/giuliamartinelli/c73e5e73-45ea-4b43-8dbb-cebfdacf033d/giuliamartinelli/CMU/allasfamc/all_asfamc/subjects/36/36_05.amc,4196,/media/giuliamartinelli/c73e5e73-45ea-4b43-8dbb-cebfdacf033d/giuliamartinelli/CMU/allasfamc/all_asfamc/subjects/36/36.asf,/media/giuliamartinelli/c73e5e73-45ea-4b43-8dbb-cebfdacf033d/giuliamartinelli/CMU/SMPL/36/36_05_stageii.npz,4196
/media/giuliamartinelli/c73e5e73-45ea-4b43-8dbb-cebfdacf033d/giuliamartinelli/CMU/allc3d_234/subjects/36/36_06.c3d,3896,/media/giuliamartinelli/c73e5e73-45ea-4b43-8dbb-cebfdacf033d/giuliamartinelli/CMU/allasfamc/all_asfamc/subjects/36/36_06.amc,3896,/media/giuliamartinelli/c73e5e73-45ea-4b43-8dbb-cebfdacf033d/giuliamartinelli/CMU/allasfamc/all_asfamc/subjects/36/36.asf,/media/giuliamartinelli/c73e5e73-45ea-4b43-8dbb-cebfdacf033d/giuliamartinelli/CMU/SMPL/36/36_06_stageii.npz,3896
/media/giuliamartinelli/c73e5e73-45ea-4b43-8dbb-cebfdacf033d/giuliamartinelli/CMU/allc3d_234/subjects/36/36_07.c3d,3772,/media/giuliamartinelli/c73e5e73-45ea-4b43-8dbb-cebfdacf033d/giuliamartinelli/CMU/allasfamc/all_asfamc/subjects/36/36_07.amc,3772,/media/giuliamartinelli/c73e5e73-45ea-4b43-8dbb-cebfdacf033d/giuliamartinelli/CMU/allasfamc/all_asfamc/subjects/36/36.asf,/media/giuliamartinelli/c73e5e73-45ea-4b43-8dbb-cebfdacf033d/giuliamartinelli/CMU/SMPL/36/36_07_stageii.npz,3772
/media/giuliamartinelli/c73e5e73-45ea-4b43-8dbb-cebfdacf033d/giuliamartinelli/CMU/allc3d_234/subjects/36/36_08.c3d,3714,/media/giuliamartinelli/c73e5e73-45ea-4b43-8dbb-cebfdacf033d/giuliamartinelli/CMU/allasfamc/all_asfamc/subjects/36/36_08.amc,3714,/media/giuliamartinelli/c73e5e73-45ea-4b43-8dbb-cebfdacf033d/giuliamartinelli/CMU/allasfamc/all_asfamc/subjects/36/36.asf,/media/giuliamartinelli/c73e5e73-45ea-4b43-8dbb-cebfdacf033d/giuliamartinelli/CMU/SMPL/36/36_08_stageii.npz,3714
/media/giuliamartinelli/c73e5e73-45ea-4b43-8dbb-cebfdacf033d/giuliamartinelli/CMU/allc3d_234/subjects/36/36_09.c3d,3890,/media/giuliamartinelli/c73e5e73-45ea-4b43-8dbb-cebfdacf033d/giuliamartinelli/CMU/allasfamc/all_asfamc/subjects/36/36_09.amc,3890,/media/giuliamartinelli/c73e5e73-45ea-4b43-8dbb-cebfdacf033d/giuliamartinelli/CMU/allasfamc/all_asfamc/subjects/36/36.asf,/media/giuliamartinelli/c73e5e73-45ea-4b43-8dbb-cebfdacf033d/giuliamartinelli/CMU/SMPL/36/36_09_stageii.npz,3890
/media/giuliamartinelli/c73e5e73-45ea-4b43-8dbb-cebfdacf033d/giuliamartinelli/CMU/allc3d_234/subjects/36/36_10.c3d,3832,/media/giuliamartinelli/c73e5e73-45ea-4b43-8dbb-cebfdacf033d/giuliamartinelli/CMU/allasfamc/all_asfamc/subjects/36/36_10.amc,3832,/media/giuliamartinelli/c73e5e73-45ea-4b43-8dbb-cebfdacf033d/giuliamartinelli/CMU/allasfamc/all_asfamc/subjects/36/36.asf,/media/giuliamartinelli/c73e5e73-45ea-4b43-8dbb-cebfdacf033d/giuliamartinelli/CMU/SMPL/36/36_10_stageii.npz,3832
/media/giuliamartinelli/c73e5e73-45ea-4b43-8dbb-cebfdacf033d/giuliamartinelli/CMU/allc3d_234/subjects/36/36_11.c3d,4168,/media/giuliamartinelli/c73e5e73-45ea-4b43-8dbb-cebfdacf033d/giuliamartinelli/CMU/allasfamc/all_asfamc/subjects/36/36_11.amc,4168,/media/giuliamartinelli/c73e5e73-45ea-4b43-8dbb-cebfdacf033d/giuliamartinelli/CMU/allasfamc/all_asfamc/subjects/36/36.asf,/media/giuliamartinelli/c73e5e73-45ea-4b43-8dbb-cebfdacf033d/giuliamartinelli/CMU/SMPL/36/36_11_stageii.npz,4168
/media/giuliamartinelli/c73e5e73-45ea-4b43-8dbb-cebfdacf033d/giuliamartinelli/CMU/allc3d_234/subjects/36/36_12.c3d,4585,/media/giuliamartinelli/c73e5e73-45ea-4b43-8dbb-cebfdacf033d/giuliamartinelli/CMU/allasfamc/all_asfamc/subjects/36/36_12.amc,4585,/media/giuliamartinelli/c73e5e73-45ea-4b43-8dbb-cebfdacf033d/giuliamartinelli/CMU/allasfamc/all_asfamc/subjects/36/36.asf,/media/giuliamartinelli/c73e5e73-45ea-4b43-8dbb-cebfdacf033d/giuliamartinelli/CMU/SMPL/36/36_12_stageii.npz,4585
/media/giuliamartinelli/c73e5e73-45ea-4b43-8dbb-cebfdacf033d/giuliamartinelli/CMU/allc3d_234/subjects/36/36_13.c3d,4247,/media/giuliamartinelli/c73e5e73-45ea-4b43-8dbb-cebfdacf033d/giuliamartinelli/CMU/allasfamc/all_asfamc/subjects/36/36_13.amc,4247,/media/giuliamartinelli/c73e5e73-45ea-4b43-8dbb-cebfdacf033d/giuliamartinelli/CMU/allasfamc/all_asfamc/subjects/36/36.asf,/media/giuliamartinelli/c73e5e73-45ea-4b43-8dbb-cebfdacf033d/giuliamartinelli/CMU/SMPL/36/36_13_stageii.npz,4247
/media/giuliamartinelli/c73e5e73-45ea-4b43-8dbb-cebfdacf033d/giuliamartinelli/CMU/allc3d_234/subjects/36/36_14.c3d,4146,/media/giuliamartinelli/c73e5e73-45ea-4b43-8dbb-cebfdacf033d/giuliamartinelli/CMU/allasfamc/all_asfamc/subjects/36/36_14.amc,4146,/media/giuliamartinelli/c73e5e73-45ea-4b43-8dbb-cebfdacf033d/giuliamartinelli/CMU/allasfamc/all_asfamc/subjects/36/36.asf,/media/giuliamartinelli/c73e5e73-45ea-4b43-8dbb-cebfdacf033d/giuliamartinelli/CMU/SMPL/36/36_14_stageii.npz,4146
/media/giuliamartinelli/c73e5e73-45ea-4b43-8dbb-cebfdacf033d/giuliamartinelli/CMU/allc3d_234/subjects/36/36_15.c3d,4164,/media/giuliamartinelli/c73e5e73-45ea-4b43-8dbb-cebfdacf033d/giuliamartinelli/CMU/allasfamc/all_asfamc/subjects/36/36_15.amc,4164,/media/giuliamartinelli/c73e5e73-45ea-4b43-8dbb-cebfdacf033d/giuliamartinelli/CMU/allasfamc/all_asfamc/subjects/36/36.asf,/media/giuliamartinelli/c73e5e73-45ea-4b43-8dbb-cebfdacf033d/giuliamartinelli/CMU/SMPL/36/36_15_stageii.npz,4164
/media/giuliamartinelli/c73e5e73-45ea-4b43-8dbb-cebfdacf033d/giuliamartinelli/CMU/allc3d_234/subjects/36/36_16.c3d,4395,/media/giuliamartinelli/c73e5e73-45ea-4b43-8dbb-cebfdacf033d/giuliamartinelli/CMU/allasfamc/all_asfamc/subjects/36/36_16.amc,4395,/media/giuliamartinelli/c73e5e73-45ea-4b43-8dbb-cebfdacf033d/giuliamartinelli/CMU/allasfamc/all_asfamc/subjects/36/36.asf,/media/giuliamartinelli/c73e5e73-45ea-4b43-8dbb-cebfdacf033d/giuliamartinelli/CMU/SMPL/36/36_16_stageii.npz,4395
/media/giuliamartinelli/c73e5e73-45ea-4b43-8dbb-cebfdacf033d/giuliamartinelli/CMU/allc3d_234/subjects/36/36_17.c3d,4359,/media/giuliamartinelli/c73e5e73-45ea-4b43-8dbb-cebfdacf033d/giuliamartinelli/CMU/allasfamc/all_asfamc/subjects/36/36_17.amc,4359,/media/giuliamartinelli/c73e5e73-45ea-4b43-8dbb-cebfdacf033d/giuliamartinelli/CMU/allasfamc/all_asfamc/subjects/36/36.asf,/media/giuliamartinelli/c73e5e73-45ea-4b43-8dbb-cebfdacf033d/giuliamartinelli/CMU/SMPL/36/36_17_stageii.npz,4359
/media/giuliamartinelli/c73e5e73-45ea-4b43-8dbb-cebfdacf033d/giuliamartinelli/CMU/allc3d_234/subjects/36/36_18.c3d,4304,/media/giuliamartinelli/c73e5e73-45ea-4b43-8dbb-cebfdacf033d/giuliamartinelli/CMU/allasfamc/all_asfamc/subjects/36/36_18.amc,4304,/media/giuliamartinelli/c73e5e73-45ea-4b43-8dbb-cebfdacf033d/giuliamartinelli/CMU/allasfamc/all_asfamc/subjects/36/36.asf,/media/giuliamartinelli/c73e5e73-45ea-4b43-8dbb-cebfdacf033d/giuliamartinelli/CMU/SMPL/36/36_18_stageii.npz,4304
/media/giuliamartinelli/c73e5e73-45ea-4b43-8dbb-cebfdacf033d/giuliamartinelli/CMU/allc3d_234/subjects/36/36_19.c3d,4193,/media/giuliamartinelli/c73e5e73-45ea-4b43-8dbb-cebfdacf033d/giuliamartinelli/CMU/allasfamc/all_asfamc/subjects/36/36_19.amc,4193,/media/giuliamartinelli/c73e5e73-45ea-4b43-8dbb-cebfdacf033d/giuliamartinelli/CMU/allasfamc/all_asfamc/subjects/36/36.asf,/media/giuliamartinelli/c73e5e73-45ea-4b43-8dbb-cebfdacf033d/giuliamartinelli/CMU/SMPL/36/36_19_stageii.npz,4193
/media/giuliamartinelli/c73e5e73-45ea-4b43-8dbb-cebfdacf033d/giuliamartinelli/CMU/allc3d_234/subjects/36/36_20.c3d,4090,/media/giuliamartinelli/c73e5e73-45ea-4b43-8dbb-cebfdacf033d/giuliamartinelli/CMU/allasfamc/all_asfamc/subjects/36/36_20.amc,4090,/media/giuliamartinelli/c73e5e73-45ea-4b43-8dbb-cebfdacf033d/giuliamartinelli/CMU/allasfamc/all_asfamc/subjects/36/36.asf,/media/giuliamartinelli/c73e5e73-45ea-4b43-8dbb-cebfdacf033d/giuliamartinelli/CMU/SMPL/36/36_20_stageii.npz,4090
/media/giuliamartinelli/c73e5e73-45ea-4b43-8dbb-cebfdacf033d/giuliamartinelli/CMU/allc3d_234/subjects/36/36_21.c3d,4030,/media/giuliamartinelli/c73e5e73-45ea-4b43-8dbb-cebfdacf033d/giuliamartinelli/CMU/allasfamc/all_asfamc/subjects/36/36_21.amc,4030,/media/giuliamartinelli/c73e5e73-45ea-4b43-8dbb-cebfdacf033d/giuliamartinelli/CMU/allasfamc/all_asfamc/subjects/36/36.asf,/media/giuliamartinelli/c73e5e73-45ea-4b43-8dbb-cebfdacf033d/giuliamartinelli/CMU/SMPL/36/36_21_stageii.npz,4030
/media/giuliamartinelli/c73e5e73-45ea-4b43-8dbb-cebfdacf033d/giuliamartinelli/CMU/allc3d_234/subjects/36/36_22.c3d,4312,/media/giuliamartinelli/c73e5e73-45ea-4b43-8dbb-cebfdacf033d/giuliamartinelli/CMU/allasfamc/all_asfamc/subjects/36/36_22.amc,4312,/media/giuliamartinelli/c73e5e73-45ea-4b43-8dbb-cebfdacf033d/giuliamartinelli/CMU/allasfamc/all_asfamc/subjects/36/36.asf,/media/giuliamartinelli/c73e5e73-45ea-4b43-8dbb-cebfdacf033d/giuliamartinelli/CMU/SMPL/36/36_22_stageii.npz,4312
/media/giuliamartinelli/c73e5e73-45ea-4b43-8dbb-cebfdacf033d/giuliamartinelli/CMU/allc3d_234/subjects/36/36_23.c3d,4392,/media/giuliamartinelli/c73e5e73-45ea-4b43-8dbb-cebfdacf033d/giuliamartinelli/CMU/allasfamc/all_asfamc/subjects/36/36_23.amc,4392,/media/giuliamartinelli/c73e5e73-45ea-4b43-8dbb-cebfdacf033d/giuliamartinelli/CMU/allasfamc/all_asfamc/subjects/36/36.asf,/media/giuliamartinelli/c73e5e73-45ea-4b43-8dbb-cebfdacf033d/giuliamartinelli/CMU/SMPL/36/36_23_stageii.npz,4392
/media/giuliamartinelli/c73e5e73-45ea-4b43-8dbb-cebfdacf033d/giuliamartinelli/CMU/allc3d_234/subjects/36/36_24.c3d,4153,/media/giuliamartinelli/c73e5e73-45ea-4b43-8dbb-cebfdacf033d/giuliamartinelli/CMU/allasfamc/all_asfamc/subjects/36/36_24.amc,4153,/media/giuliamartinelli/c73e5e73-45ea-4b43-8dbb-cebfdacf033d/giuliamartinelli/CMU/allasfamc/all_asfamc/subjects/36/36.asf,/media/giuliamartinelli/c73e5e73-45ea-4b43-8dbb-cebfdacf033d/giuliamartinelli/CMU/SMPL/36/36_24_stageii.npz,4153
/media/giuliamartinelli/c73e5e73-45ea-4b43-8dbb-cebfdacf033d/giuliamartinelli/CMU/allc3d_234/subjects/36/36_25.c3d,4685,/media/giuliamartinelli/c73e5e73-45ea-4b43-8dbb-cebfdacf033d/giuliamartinelli/CMU/allasfamc/all_asfamc/subjects/36/36_25.amc,4685,/media/giuliamartinelli/c73e5e73-45ea-4b43-8dbb-cebfdacf033d/giuliamartinelli/CMU/allasfamc/all_asfamc/subjects/36/36.asf,/media/giuliamartinelli/c73e5e73-45ea-4b43-8dbb-cebfdacf033d/giuliamartinelli/CMU/SMPL/36/36_25_stageii.npz,4685
/media/giuliamartinelli/c73e5e73-45ea-4b43-8dbb-cebfdacf033d/giuliamartinelli/CMU/allc3d_234/subjects/36/36_26.c3d,4237,/media/giuliamartinelli/c73e5e73-45ea-4b43-8dbb-cebfdacf033d/giuliamartinelli/CMU/allasfamc/all_asfamc/subjects/36/36_26.amc,4237,/media/giuliamartinelli/c73e5e73-45ea-4b43-8dbb-cebfdacf033d/giuliamartinelli/CMU/allasfamc/all_asfamc/subjects/36/36.asf,/media/giuliamartinelli/c73e5e73-45ea-4b43-8dbb-cebfdacf033d/giuliamartinelli/CMU/SMPL/36/36_26_stageii.npz,4237
/media/giuliamartinelli/c73e5e73-45ea-4b43-8dbb-cebfdacf033d/giuliamartinelli/CMU/allc3d_234/subjects/36/36_27.c3d,4247,/media/giuliamartinelli/c73e5e73-45ea-4b43-8dbb-cebfdacf033d/giuliamartinelli/CMU/allasfamc/all_asfamc/subjects/36/36_27.amc,4247,/media/giuliamartinelli/c73e5e73-45ea-4b43-8dbb-cebfdacf033d/giuliamartinelli/CMU/allasfamc/all_asfamc/subjects/36/36.asf,/media/giuliamartinelli/c73e5e73-45ea-4b43-8dbb-cebfdacf033d/giuliamartinelli/CMU/SMPL/36/36_27_stageii.npz,4247
/media/giuliamartinelli/c73e5e73-45ea-4b43-8dbb-cebfdacf033d/giuliamartinelli/CMU/allc3d_234/subjects/36/36_28.c3d,2391,/media/giuliamartinelli/c73e5e73-45ea-4b43-8dbb-cebfdacf033d/giuliamartinelli/CMU/allasfamc/all_asfamc/subjects/36/36_28.amc,2391,/media/giuliamartinelli/c73e5e73-45ea-4b43-8dbb-cebfdacf033d/giuliamartinelli/CMU/allasfamc/all_asfamc/subjects/36/36.asf,/media/giuliamartinelli/c73e5e73-45ea-4b43-8dbb-cebfdacf033d/giuliamartinelli/CMU/SMPL/36/36_28_stageii.npz,2391
/media/giuliamartinelli/c73e5e73-45ea-4b43-8dbb-cebfdacf033d/giuliamartinelli/CMU/allc3d_234/subjects/36/36_29.c3d,4469,/media/giuliamartinelli/c73e5e73-45ea-4b43-8dbb-cebfdacf033d/giuliamartinelli/CMU/allasfamc/all_asfamc/subjects/36/36_29.amc,4469,/media/giuliamartinelli/c73e5e73-45ea-4b43-8dbb-cebfdacf033d/giuliamartinelli/CMU/allasfamc/all_asfamc/subjects/36/36.asf,/media/giuliamartinelli/c73e5e73-45ea-4b43-8dbb-cebfdacf033d/giuliamartinelli/CMU/SMPL/36/36_29_stageii.npz,4469
/media/giuliamartinelli/c73e5e73-45ea-4b43-8dbb-cebfdacf033d/giuliamartinelli/CMU/allc3d_234/subjects/36/36_30.c3d,4414,/media/giuliamartinelli/c73e5e73-45ea-4b43-8dbb-cebfdacf033d/giuliamartinelli/CMU/allasfamc/all_asfamc/subjects/36/36_30.amc,4414,/media/giuliamartinelli/c73e5e73-45ea-4b43-8dbb-cebfdacf033d/giuliamartinelli/CMU/allasfamc/all_asfamc/subjects/36/36.asf,/media/giuliamartinelli/c73e5e73-45ea-4b43-8dbb-cebfdacf033d/giuliamartinelli/CMU/SMPL/36/36_30_stageii.npz,4414
/media/giuliamartinelli/c73e5e73-45ea-4b43-8dbb-cebfdacf033d/giuliamartinelli/CMU/allc3d_234/subjects/36/36_31.c3d,3736,/media/giuliamartinelli/c73e5e73-45ea-4b43-8dbb-cebfdacf033d/giuliamartinelli/CMU/allasfamc/all_asfamc/subjects/36/36_31.amc,3736,/media/giuliamartinelli/c73e5e73-45ea-4b43-8dbb-cebfdacf033d/giuliamartinelli/CMU/allasfamc/all_asfamc/subjects/36/36.asf,/media/giuliamartinelli/c73e5e73-45ea-4b43-8dbb-cebfdacf033d/giuliamartinelli/CMU/SMPL/36/36_31_stageii.npz,3736
/media/giuliamartinelli/c73e5e73-45ea-4b43-8dbb-cebfdacf033d/giuliamartinelli/CMU/allc3d_234/subjects/36/36_32.c3d,4468,/media/giuliamartinelli/c73e5e73-45ea-4b43-8dbb-cebfdacf033d/giuliamartinelli/CMU/allasfamc/all_asfamc/subjects/36/36_32.amc,4468,/media/giuliamartinelli/c73e5e73-45ea-4b43-8dbb-cebfdacf033d/giuliamartinelli/CMU/allasfamc/all_asfamc/subjects/36/36.asf,/media/giuliamartinelli/c73e5e73-45ea-4b43-8dbb-cebfdacf033d/giuliamartinelli/CMU/SMPL/36/36_32_stageii.npz,4468
/media/giuliamartinelli/c73e5e73-45ea-4b43-8dbb-cebfdacf033d/giuliamartinelli/CMU/allc3d_234/subjects/36/36_33.c3d,4311,/media/giuliamartinelli/c73e5e73-45ea-4b43-8dbb-cebfdacf033d/giuliamartinelli/CMU/allasfamc/all_asfamc/subjects/36/36_33.amc,4311,/media/giuliamartinelli/c73e5e73-45ea-4b43-8dbb-cebfdacf033d/giuliamartinelli/CMU/allasfamc/all_asfamc/subjects/36/36.asf,/media/giuliamartinelli/c73e5e73-45ea-4b43-8dbb-cebfdacf033d/giuliamartinelli/CMU/SMPL/36/36_33_stageii.npz,4311
/media/giuliamartinelli/c73e5e73-45ea-4b43-8dbb-cebfdacf033d/giuliamartinelli/CMU/allc3d_234/subjects/36/36_34.c3d,4328,/media/giuliamartinelli/c73e5e73-45ea-4b43-8dbb-cebfdacf033d/giuliamartinelli/CMU/allasfamc/all_asfamc/subjects/36/36_34.amc,4328,/media/giuliamartinelli/c73e5e73-45ea-4b43-8dbb-cebfdacf033d/giuliamartinelli/CMU/allasfamc/all_asfamc/subjects/36/36.asf,/media/giuliamartinelli/c73e5e73-45ea-4b43-8dbb-cebfdacf033d/giuliamartinelli/CMU/SMPL/36/36_34_stageii.npz,4328
/media/giuliamartinelli/c73e5e73-45ea-4b43-8dbb-cebfdacf033d/giuliamartinelli/CMU/allc3d_234/subjects/36/36_35.c3d,4341,/media/giuliamartinelli/c73e5e73-45ea-4b43-8dbb-cebfdacf033d/giuliamartinelli/CMU/allasfamc/all_asfamc/subjects/36/36_35.amc,4341,/media/giuliamartinelli/c73e5e73-45ea-4b43-8dbb-cebfdacf033d/giuliamartinelli/CMU/allasfamc/all_asfamc/subjects/36/36.asf,/media/giuliamartinelli/c73e5e73-45ea-4b43-8dbb-cebfdacf033d/giuliamartinelli/CMU/SMPL/36/36_35_stageii.npz,4341
/media/giuliamartinelli/c73e5e73-45ea-4b43-8dbb-cebfdacf033d/giuliamartinelli/CMU/allc3d_234/subjects/36/36_36.c3d,4792,/media/giuliamartinelli/c73e5e73-45ea-4b43-8dbb-cebfdacf033d/giuliamartinelli/CMU/allasfamc/all_asfamc/subjects/36/36_36.amc,4792,/media/giuliamartinelli/c73e5e73-45ea-4b43-8dbb-cebfdacf033d/giuliamartinelli/CMU/allasfamc/all_asfamc/subjects/36/36.asf,/media/giuliamartinelli/c73e5e73-45ea-4b43-8dbb-cebfdacf033d/giuliamartinelli/CMU/SMPL/36/36_36_stageii.npz,4792
/media/giuliamartinelli/c73e5e73-45ea-4b43-8dbb-cebfdacf033d/giuliamartinelli/CMU/allc3d_234/subjects/37/37_01.c3d,511,/media/giuliamartinelli/c73e5e73-45ea-4b43-8dbb-cebfdacf033d/giuliamartinelli/CMU/allasfamc/all_asfamc/subjects/37/37_01.amc,511,/media/giuliamartinelli/c73e5e73-45ea-4b43-8dbb-cebfdacf033d/giuliamartinelli/CMU/allasfamc/all_asfamc/subjects/37/37.asf,/media/giuliamartinelli/c73e5e73-45ea-4b43-8dbb-cebfdacf033d/giuliamartinelli/CMU/SMPL/37/37_01_stageii.npz,511
/media/giuliamartinelli/c73e5e73-45ea-4b43-8dbb-cebfdacf033d/giuliamartinelli/CMU/allc3d_234/subjects/38/38_01.c3d,352,/media/giuliamartinelli/c73e5e73-45ea-4b43-8dbb-cebfdacf033d/giuliamartinelli/CMU/allasfamc/all_asfamc/subjects/38/38_01.amc,352,/media/giuliamartinelli/c73e5e73-45ea-4b43-8dbb-cebfdacf033d/giuliamartinelli/CMU/allasfamc/all_asfamc/subjects/38/38.asf,/media/giuliamartinelli/c73e5e73-45ea-4b43-8dbb-cebfdacf033d/giuliamartinelli/CMU/SMPL/38/38_01_stageii.npz,352
/media/giuliamartinelli/c73e5e73-45ea-4b43-8dbb-cebfdacf033d/giuliamartinelli/CMU/allc3d_234/subjects/38/38_02.c3d,420,/media/giuliamartinelli/c73e5e73-45ea-4b43-8dbb-cebfdacf033d/giuliamartinelli/CMU/allasfamc/all_asfamc/subjects/38/38_02.amc,420,/media/giuliamartinelli/c73e5e73-45ea-4b43-8dbb-cebfdacf033d/giuliamartinelli/CMU/allasfamc/all_asfamc/subjects/38/38.asf,/media/giuliamartinelli/c73e5e73-45ea-4b43-8dbb-cebfdacf033d/giuliamartinelli/CMU/SMPL/38/38_02_stageii.npz,420
/media/giuliamartinelli/c73e5e73-45ea-4b43-8dbb-cebfdacf033d/giuliamartinelli/CMU/allc3d_234/subjects/38/38_03.c3d,761,/media/giuliamartinelli/c73e5e73-45ea-4b43-8dbb-cebfdacf033d/giuliamartinelli/CMU/allasfamc/all_asfamc/subjects/38/38_03.amc,761,/media/giuliamartinelli/c73e5e73-45ea-4b43-8dbb-cebfdacf033d/giuliamartinelli/CMU/allasfamc/all_asfamc/subjects/38/38.asf,/media/giuliamartinelli/c73e5e73-45ea-4b43-8dbb-cebfdacf033d/giuliamartinelli/CMU/SMPL/38/38_03_stageii.npz,761
/media/giuliamartinelli/c73e5e73-45ea-4b43-8dbb-cebfdacf033d/giuliamartinelli/CMU/allc3d_234/subjects/38/38_04.c3d,8631,/media/giuliamartinelli/c73e5e73-45ea-4b43-8dbb-cebfdacf033d/giuliamartinelli/CMU/allasfamc/all_asfamc/subjects/38/38_04.amc,8631,/media/giuliamartinelli/c73e5e73-45ea-4b43-8dbb-cebfdacf033d/giuliamartinelli/CMU/allasfamc/all_asfamc/subjects/38/38.asf,/media/giuliamartinelli/c73e5e73-45ea-4b43-8dbb-cebfdacf033d/giuliamartinelli/CMU/SMPL/38/38_04_stageii.npz,8631
